id;id_horaire;heure_depart;heure_f;date
1;53704;invoice Nebraska;full-range online;2020-08-12
2;66287;Refined Berkshire;deposit;2020-08-13
3;41402;Agent;Chair Regional Graphic Interface;2020-08-13
4;24969;proactive Fresh payment;Future XML;2020-08-13
5;55137;navigate compressing;radical;2020-08-12
6;63804;revolutionary;Small Cotton Chips;2020-08-13
7;56943;bricks-and-clicks Station;Forest;2020-08-13
8;43968;Administrator connect compress;Response Home Loan Account Qatar;2020-08-12
9;78231;multi-byte object-oriented;Bangladesh Auto Loan Account;2020-08-13
10;50953;Tools Rubber;navigate;2020-08-13
