id;login;mdp;email;nom;prenom;type;tel
1;mesh;Practical Steel Shirt Chair;Alyce_Bahringer74@gmail.com;Streamlined Uganda;toolset;Investment Account web-enabled Rustic Steel Chair;index Awesome Wooden Keyboard Handmade Plastic Pants
2;Ergonomic Metal Ball green Borders;Product;Allie.Pfeffer@hotmail.com;Generic Soft Gloves THX Cheese;Gorgeous Soft Towels;Outdoors Shoes Applications;Baby Berkshire generating
3;hacking turquoise;Avon Legacy Shoes;Laura.Upton@yahoo.com;SCSI Concrete;Administrator ubiquitous Stravenue;Shoes;quantify
4;SCSI;Tools orchestration;Margarett_Rodriguez41@gmail.com;Ergonomic Metal Bacon niches;cross-platform Home;Tasty Concrete Shoes;vortals Auto Loan Account
5;infomediaries payment Rubber;Refined Technician schemas;Gabrielle.Rosenbaum@gmail.com;Extended;Convertible Marks;Synergistic Investment Account Handcrafted;deposit Unbranded project
6;deposit Peso Uruguayo Uruguay Peso en Unidades Indexadas system engine;killer ivory indigo;Tamia_Wilkinson@hotmail.com;Computer;turn-key synthesizing;gold;payment
7;Checking Account architectures;Tokelau Executive Bedfordshire;Randal4@yahoo.com;connecting evolve override;Security application Virginia;transmitter Investment Account grid-enabled;hard drive
8;Intelligent;Functionality;Nelda31@yahoo.com;mint green deposit;pink Awesome Plastic Gloves;index Industrial Administrator;Intranet B2B Australia
9;SSL Cheese Hat;Computer;Craig.Altenwerth@yahoo.com;Shoes Generic;Auto Loan Account;SDD circuit Chicken;XSS
10;Lithuania Practical Wooden Towels Libyan Dinar;Car Handmade Steel Cheese payment;Casper11@gmail.com;Marketing withdrawal optical;compressing one-to-one SSL;Planner Sleek Plastic Computer;array transmitting visualize
